Customer ID,Customer Name,Total Revenue
526,KARL SEAL,221.5500000000001
148,ELEANOR HUNT,216.5400000000001
144,CLARA SHAW,195.58000000000007
137,RHONDA KENNEDY,194.61000000000007
178,MARION SNYDER,194.61000000000007
