Customer ID,Customer Name,Average Payment
248,CAROLINE BOWMAN,3.3900000000000006
281,LEONA OBRIEN,3.632857142857144
318,BRIAN WYMAN,4.406666666666668
395,JOHNNY TURPIN,3.0426315789473692
97,ANNIE RUSSELL,3.267777777777779
